Modelo,Accuracy,Precision,Recall,F1 Score,ROC AUC
SVM rbf,0.5375,0.5369020314547838,0.5375,0.5366328360642374,0.459624765478424
SVM sigmoid,0.5375,0.5369020314547838,0.5375,0.5366328360642374,0.4588617886178862
"MLP (100, 50)",0.52125,0.5194029889124309,0.52125,0.5104509199353824,0.5384427767354597
RandForest 50,0.48875,0.4882529411764706,0.48875,0.4883298109663028,0.48443089430894304
ExtraTrees 100,0.4875,0.48660714285714285,0.4875,0.48653908861172246,0.48660725453408377
