Modelo,Accuracy,Precision,Recall,F1 Score,ROC AUC
SVM sigmoid,0.5375,0.5369020314547838,0.5375,0.5366328360642374,0.4588617886178862
"MLP (100, 50)",0.4975,0.4942682290970346,0.4975,0.48924801101591187,0.48637273295809885
ExtraTrees 100,0.4875,0.48689516129032256,0.4875,0.4869510270046793,0.49007191994996874
Bagging DT d3,0.49375,0.48925035031165653,0.49375,0.4815239084637746,0.4710944340212633
RandForest 150,0.48125,0.48087815478913754,0.48125,0.4809731878649034,0.4751344590368981
